year,month,week_of_month,week_label,culex,total_mosquito,week_start,week_end,weather_days,avg_temp,peak_temp,hot_days,rain_per_day,humidity,hot_day_ratio
2008,4,2,4월 2주,15,15,2008-04-08,2008-04-14,7,13.37,23.9,0,2.34,65.0,0.0
2008,4,3,4월 3주,20,20,2008-04-15,2008-04-21,7,17.6,28.7,0,0.1,52.14,0.0
2008,4,4,4월 4주,34,34,2008-04-22,2008-04-28,7,12.01,20.2,0,3.99,66.43,0.0
2008,5,1,5월 1주,14,14,2008-05-01,2008-05-07,7,18.01,27.9,0,0.19,63.86,0.0
2008,5,2,5월 2주,37,40,2008-05-08,2008-05-14,7,16.07,24.4,0,1.59,52.14,0.0
2008,5,3,5월 3주,12,13,2008-05-15,2008-05-21,7,15.19,25.2,0,5.87,69.86,0.0
2008,5,4,5월 4주,28,33,2008-05-22,2008-05-28,7,20.5,29.0,0,3.47,78.29,0.0
2008,5,5,5월 5주,57,76,2008-05-29,2008-05-31,3,19.5,29.0,0,0.07,74.0,0.0
2008,6,2,6월 2주,114,133,2008-06-08,2008-06-14,7,21.94,30.1,0,0.84,76.14,0.0
2008,6,3,6월 3주,287,406,2008-06-15,2008-06-21,7,22.86,29.7,0,6.76,70.43,0.0
2008,6,4,6월 4주,363,505,2008-06-22,2008-06-28,7,23.37,28.9,0,0.3,67.43,0.0
2008,6,5,6월 5주,444,847,2008-06-29,2008-06-30,2,23.85,28.5,0,2.7,70.5,0.0
2008,7,2,7월 2주,983,1533,2008-07-08,2008-07-14,7,26.51,32.3,0,1.96,81.71,0.0
2008,7,3,7월 3주,653,1020,2008-07-15,2008-07-21,7,25.34,32.1,0,18.74,86.71,0.0
2008,7,4,7월 4주,825,1291,2008-07-22,2008-07-28,7,25.14,31.6,0,15.84,88.71,0.0
2008,7,5,7월 5주,368,855,2008-07-29,2008-07-31,3,26.8,32.3,0,4.47,85.0,0.0
2008,8,1,8월 1주,517,1090,2008-08-01,2008-08-07,7,26.54,32.9,0,3.99,82.57,0.0
2008,8,2,8월 2주,371,682,2008-08-08,2008-08-14,7,28.36,36.0,4,9.79,78.71,0.571
2008,8,3,8월 3주,380,523,2008-08-15,2008-08-21,7,24.13,28.9,0,9.69,78.57,0.0
2008,8,4,8월 4주,347,606,2008-08-22,2008-08-28,7,23.01,29.4,0,9.73,78.71,0.0
2008,9,1,9월 1주,255,376,2008-09-01,2008-09-07,7,22.5,29.6,0,6.91,82.71,0.0
2008,9,2,9월 2주,355,680,2008-09-08,2008-09-14,7,23.21,30.8,0,0.37,81.43,0.0
2008,9,3,9월 3주,551,860,2008-09-15,2008-09-21,7,23.44,31.4,0,1.04,76.71,0.0
2008,9,4,9월 4주,339,551,2008-09-22,2008-09-28,7,18.56,26.0,0,0.71,71.14,0.0
2008,9,5,9월 5주,601,848,2008-09-29,2008-09-30,2,16.7,23.1,0,0.0,73.0,0.0
2008,10,1,10월 1주,582,820,2008-10-01,2008-10-07,7,18.59,26.3,0,0.0,76.86,0.0
2008,10,2,10월 2주,643,855,2008-10-08,2008-10-14,7,15.64,24.3,0,0.24,72.29,0.0
2008,10,3,10월 3주,329,444,2008-10-15,2008-10-21,7,16.83,27.7,0,0.0,79.71,0.0
2008,10,4,10월 4주,227,306,2008-10-22,2008-10-28,7,13.59,20.8,0,3.91,68.29,0.0
2008,11,1,11월 1주,127,159,2008-11-01,2008-11-07,7,11.29,19.9,0,0.29,67.86,0.0
2008,11,2,11월 2주,196,279,2008-11-08,2008-11-14,7,9.66,17.1,0,0.9,71.14,0.0
2009,4,2,4월 2주,24,24,2009-04-08,2009-04-14,7,14.7,25.4,0,0.0,58.29,0.0
2009,4,3,4월 3주,28,29,2009-04-15,2009-04-21,7,12.14,25.5,0,6.37,67.71,0.0
2009,4,4,4월 4주,9,9,2009-04-22,2009-04-28,7,10.9,18.9,0,1.49,74.14,0.0
2009,4,5,4월 5주,33,34,2009-04-29,2009-04-30,2,14.2,22.3,0,0.0,58.5,0.0
2009,5,1,5월 1주,35,39,2009-05-01,2009-05-07,7,16.79,29.1,0,0.3,68.86,0.0
2009,5,2,5월 2주,25,33,2009-05-08,2009-05-14,7,18.57,27.1,0,7.33,65.57,0.0
2009,5,3,5월 3주,98,98,2009-05-15,2009-05-21,7,16.93,26.3,0,8.41,77.71,0.0
2009,5,4,5월 4주,76,89,2009-05-22,2009-05-28,7,20.06,30.8,0,0.2,71.57,0.0
2009,6,1,6월 1주,210,224,2009-06-01,2009-06-07,7,20.49,28.2,0,5.67,73.86,0.0
2009,6,2,6월 2주,638,668,2009-06-08,2009-06-14,7,19.96,25.3,0,4.53,76.29,0.0
2009,6,3,6월 3주,1226,1284,2009-06-15,2009-06-21,7,22.54,30.7,0,8.04,78.14,0.0
2009,6,4,6월 4주,142,173,2009-06-22,2009-06-28,7,23.53,31.3,0,0.3,74.29,0.0
2009,7,1,7월 1주,768,826,2009-07-01,2009-07-07,7,23.61,29.8,0,3.29,79.86,0.0
2009,7,2,7월 2주,459,527,2009-07-08,2009-07-14,7,23.44,30.2,0,41.31,85.86,0.0
2009,7,3,7월 3주,822,914,2009-07-15,2009-07-21,7,24.71,30.9,0,6.69,85.0,0.0
2009,7,4,7월 4주,249,400,2009-07-22,2009-07-28,7,24.43,29.8,0,0.46,77.29,0.0
2009,8,1,8월 1주,416,598,2009-08-01,2009-08-07,7,26.39,32.9,0,3.34,76.29,0.0
2009,8,2,8월 2주,350,508,2009-08-08,2009-08-14,7,26.47,32.6,0,15.69,80.43,0.0
2009,8,3,8월 3주,188,356,2009-08-15,2009-08-21,7,26.54,34.5,1,2.57,77.86,0.143
2009,8,4,8월 4주,300,384,2009-08-22,2009-08-28,7,24.61,29.9,0,5.51,78.43,0.0
2009,9,1,9월 1주,361,452,2009-09-01,2009-09-07,7,23.41,29.0,0,0.0,76.14,0.0
2009,9,2,9월 2주,176,210,2009-09-08,2009-09-14,7,20.86,28.6,0,1.67,76.29,0.0
2009,9,4,9월 4주,281,318,2009-09-22,2009-09-28,7,19.77,27.5,0,0.11,78.29,0.0
2009,9,5,9월 5주,225,296,2009-09-29,2009-09-30,2,21.3,28.1,0,0.2,77.5,0.0
2010,4,1,4월 1주,0,0,2010-04-01,2010-04-07,7,7.47,16.2,0,0.57,59.14,0.0
2010,4,2,4월 2주,2,2,2010-04-08,2010-04-14,7,9.6,19.7,0,1.47,57.43,0.0
2010,4,3,4월 3주,16,16,2010-04-15,2010-04-21,7,11.19,21.4,0,1.14,64.14,0.0
2010,4,4,4월 4주,4,4,2010-04-22,2010-04-28,7,10.3,19.7,0,6.59,71.29,0.0
2010,4,5,4월 5주,0,0,2010-04-29,2010-04-30,2,9.8,13.8,0,0.5,68.0,0.0
2010,5,1,5월 1주,54,54,2010-05-01,2010-05-07,7,16.76,25.9,0,2.87,68.57,0.0
2010,5,2,5월 2주,30,30,2010-05-08,2010-05-14,7,15.59,25.3,0,0.11,67.71,0.0
2010,5,3,5월 3주,98,98,2010-05-15,2010-05-21,7,18.4,28.0,0,8.69,73.0,0.0
2010,5,4,5월 4주,60,60,2010-05-22,2010-05-28,7,17.03,24.6,0,4.66,77.86,0.0
2010,6,1,6월 1주,210,224,2010-06-01,2010-06-07,7,21.37,31.9,0,0.0,63.14,0.0
2010,6,2,6월 2주,638,668,2010-06-08,2010-06-14,7,23.59,32.1,0,5.0,67.29,0.0
2010,6,3,6월 3주,456,480,2010-06-15,2010-06-21,7,23.69,31.6,0,0.96,80.71,0.0
2010,6,4,6월 4주,1226,1284,2010-06-22,2010-06-28,7,23.74,33.2,1,4.29,72.86,0.143
2010,6,5,6월 5주,532,569,2010-06-29,2010-06-30,2,23.4,27.3,0,0.7,86.5,0.0
2010,7,1,7월 1주,768,826,2010-07-01,2010-07-07,7,25.53,30.1,0,7.57,85.14,0.0
2010,7,2,7월 2주,459,527,2010-07-08,2010-07-14,7,25.17,30.4,0,1.7,76.43,0.0
2010,7,3,7월 3주,822,914,2010-07-15,2010-07-21,7,26.76,32.5,0,14.9,80.43,0.0
2010,7,4,7월 4주,551,633,2010-07-22,2010-07-28,7,26.29,30.8,0,9.66,83.57,0.0
2010,8,1,8월 1주,379,448,2010-08-01,2010-08-07,7,27.64,33.3,1,3.74,84.14,0.143
2010,8,2,8월 2주,376,398,2010-08-08,2010-08-14,7,27.2,33.8,2,10.09,84.14,0.286
2010,8,3,8월 3주,337,348,2010-08-15,2010-08-21,7,27.13,33.1,1,4.46,82.71,0.143
2010,8,4,8월 4주,193,199,2010-08-22,2010-08-28,7,25.81,32.6,0,14.57,86.86,0.0
2010,9,1,9월 1주,235,248,2010-09-01,2010-09-07,7,26.27,32.5,0,9.01,82.57,0.0
2010,9,2,9월 2주,242,256,2010-09-08,2010-09-14,7,23.43,29.0,0,20.43,86.71,0.0
2010,9,3,9월 3주,266,278,2010-09-15,2010-09-21,7,22.9,30.5,0,8.11,84.43,0.0
2010,9,5,9월 5주,207,216,2010-09-29,2010-09-30,2,13.25,21.0,0,0.0,75.0,0.0
2010,10,1,10월 1주,138,138,2010-10-01,2010-10-07,7,15.74,24.2,0,1.9,82.29,0.0
2010,10,2,10월 2주,218,220,2010-10-08,2010-10-14,7,17.07,24.5,0,0.06,82.0,0.0
2010,10,3,10월 3주,201,208,2010-10-15,2010-10-21,7,14.37,21.9,0,0.21,71.43,0.0
2010,10,4,10월 4주,35,35,2010-10-22,2010-10-28,7,10.53,23.1,0,0.0,60.86,0.0
2010,11,1,11월 1주,49,49,2010-11-01,2010-11-07,7,9.87,17.9,0,0.16,69.0,0.0
2010,11,2,11월 2주,16,16,2010-11-08,2010-11-14,7,7.37,16.9,0,1.61,60.14,0.0
2010,11,3,11월 3주,7,7,2010-11-15,2010-11-21,7,4.67,16.1,0,0.01,71.14,0.0
2010,11,4,11월 4주,0,0,2010-11-22,2010-11-28,7,3.07,12.7,0,0.74,58.29,0.0
2011,4,3,4월 3주,0,1,2011-04-15,2011-04-21,7,11.23,19.5,0,0.44,58.14,0.0
2011,4,4,4월 4주,0,1,2011-04-22,2011-04-28,7,10.97,17.0,0,6.96,72.0,0.0
2011,5,1,5월 1주,13,14,2011-05-01,2011-05-07,7,14.96,23.7,0,1.24,69.0,0.0
2011,5,2,5월 2주,4,56,2011-05-08,2011-05-14,7,16.81,23.3,0,12.1,74.14,0.0
2011,5,3,5월 3주,1,94,2011-05-15,2011-05-21,7,17.36,24.9,0,1.99,70.0,0.0
2011,5,4,5월 4주,16,46,2011-05-22,2011-05-28,7,19.3,27.8,0,0.14,65.71,0.0
2011,5,5,5월 5주,79,156,2011-05-29,2011-05-31,3,21.1,29.8,0,0.57,63.0,0.0
2011,6,1,6월 1주,198,216,2011-06-01,2011-06-07,7,19.16,26.3,0,3.14,77.57,0.0
2011,6,2,6월 2주,89,127,2011-06-08,2011-06-14,7,21.16,28.8,0,0.64,75.86,0.0
2011,6,4,6월 4주,392,396,2011-06-22,2011-06-28,7,21.44,28.7,0,24.03,87.14,0.0
2011,7,1,7월 1주,211,221,2011-07-01,2011-07-07,7,24.11,29.6,0,18.61,85.57,0.0
2011,7,2,7월 2주,95,101,2011-07-08,2011-07-14,7,23.6,26.8,0,45.74,91.71,0.0
2011,7,3,7월 3주,528,567,2011-07-15,2011-07-21,7,26.6,33.8,1,7.3,75.43,0.143
2011,7,4,7월 4주,236,263,2011-07-22,2011-07-28,7,25.49,30.0,0,21.33,86.43,0.0
2011,8,1,8월 1주,152,168,2011-08-01,2011-08-07,7,27.34,33.9,2,9.39,80.71,0.286
2011,8,2,8월 2주,225,245,2011-08-08,2011-08-14,7,25.84,29.1,0,10.79,88.29,0.0
2011,8,3,8월 3주,178,194,2011-08-15,2011-08-21,7,24.6,30.2,0,6.4,90.0,0.0
2011,8,4,8월 4주,286,293,2011-08-22,2011-08-28,7,25.53,31.9,0,0.14,74.14,0.0
2011,8,5,8월 5주,251,276,2011-08-29,2011-08-31,3,27.2,33.0,1,0.57,79.0,0.333
2011,9,1,9월 1주,481,495,2011-09-01,2011-09-07,7,24.3,32.4,0,0.0,65.0,0.0
2011,9,2,9월 2주,193,214,2011-09-08,2011-09-14,7,22.8,30.2,0,0.21,73.86,0.0
2011,9,3,9월 3주,658,684,2011-09-15,2011-09-21,7,21.39,31.4,0,1.46,68.57,0.0
2011,9,4,9월 4주,608,626,2011-09-22,2011-09-28,7,18.86,29.4,0,0.0,63.86,0.0
2011,10,1,10월 1주,503,509,2011-10-01,2011-10-07,7,14.09,22.0,0,0.0,62.0,0.0
2011,10,2,10월 2주,386,396,2011-10-08,2011-10-14,7,14.97,23.3,0,0.89,74.86,0.0
2011,10,3,10월 3주,255,255,2011-10-15,2011-10-21,7,13.07,22.0,0,1.91,66.0,0.0
2011,10,4,10월 4주,149,154,2011-10-22,2011-10-28,7,12.34,21.9,0,0.34,66.86,0.0
2011,11,1,11월 1주,345,346,2011-11-01,2011-11-07,7,16.54,25.0,0,1.99,70.43,0.0
2011,11,2,11월 2주,521,521,2011-11-08,2011-11-14,7,12.36,19.8,0,0.74,68.29,0.0
2011,11,3,11월 3주,45,45,2011-11-15,2011-11-21,7,8.41,18.0,0,3.57,63.86,0.0
2012,4,4,4월 4주,39,43,2012-04-22,2012-04-28,7,14.73,26.7,0,3.94,68.0,0.0
2012,5,1,5월 1주,41,45,2012-05-01,2012-05-07,7,19.31,28.5,0,0.5,58.71,0.0
2012,5,2,5월 2주,72,90,2012-05-08,2012-05-14,7,18.11,27.2,0,1.4,66.86,0.0
2012,5,3,5월 3주,11,20,2012-05-15,2012-05-21,7,18.51,30.0,0,0.46,61.29,0.0
2012,5,4,5월 4주,102,135,2012-05-22,2012-05-28,7,20.69,29.8,0,0.27,59.0,0.0
2012,5,5,5월 5주,118,121,2012-05-29,2012-05-31,3,21.03,27.7,0,0.6,60.0,0.0
2012,6,1,6월 1주,204,221,2012-06-01,2012-06-07,7,22.89,30.1,0,0.19,61.57,0.0
2012,6,2,6월 2주,274,277,2012-06-08,2012-06-14,7,24.13,31.1,0,0.43,64.43,0.0
2012,6,3,6월 3주,640,643,2012-06-15,2012-06-21,7,25.14,33.5,2,0.09,59.71,0.286
2012,6,4,6월 4주,715,766,2012-06-22,2012-06-28,7,26.31,33.9,1,0.26,55.57,0.143
2012,7,1,7월 1주,776,829,2012-07-01,2012-07-07,7,23.83,30.0,0,20.11,84.0,0.0
2012,7,2,7월 2주,343,352,2012-07-08,2012-07-14,7,24.89,30.7,0,13.34,82.86,0.0
2012,7,3,7월 3주,763,780,2012-07-15,2012-07-21,7,24.71,31.7,0,20.47,85.57,0.0
2012,7,4,7월 4주,672,711,2012-07-22,2012-07-28,7,27.57,31.7,0,1.33,81.43,0.0
2012,7,5,7월 5주,703,737,2012-07-29,2012-07-31,3,28.4,32.4,0,4.1,82.67,0.0
2012,8,1,8월 1주,539,555,2012-08-01,2012-08-07,7,30.66,36.0,7,0.03,67.29,1.0
2012,8,2,8월 2주,938,969,2012-08-08,2012-08-14,7,27.11,33.7,1,4.54,79.71,0.143
2012,8,3,8월 3주,287,292,2012-08-15,2012-08-21,7,26.13,32.1,0,22.06,90.43,0.0
2012,8,4,8월 4주,747,781,2012-08-22,2012-08-28,7,25.26,32.7,0,9.26,81.71,0.0
2012,9,1,9월 1주,351,367,2012-09-01,2012-09-07,7,23.09,29.6,0,5.76,81.86,0.0
2012,9,2,9월 2주,442,455,2012-09-08,2012-09-14,7,21.14,27.9,0,4.47,82.0,0.0
2012,9,3,9월 3주,222,228,2012-09-15,2012-09-21,7,19.93,25.8,0,15.4,80.43,0.0
2012,9,4,9월 4주,514,520,2012-09-22,2012-09-28,7,19.57,27.5,0,3.09,77.43,0.0
2012,10,1,10월 1주,168,171,2012-10-01,2012-10-07,7,17.71,25.3,0,0.07,80.0,0.0
2012,10,2,10월 2주,450,458,2012-10-08,2012-10-14,7,15.03,23.4,0,0.21,72.86,0.0
2012,10,3,10월 3주,366,371,2012-10-15,2012-10-21,7,13.86,23.5,0,1.13,69.86,0.0
2012,10,4,10월 4주,61,63,2012-10-22,2012-10-28,7,13.43,21.9,0,11.13,78.14,0.0
2012,10,5,10월 5주,317,321,2012-10-29,2012-10-31,3,8.73,15.6,0,0.0,69.0,0.0
2012,11,1,11월 1주,74,74,2012-11-01,2012-11-07,7,8.24,15.5,0,1.67,71.14,0.0
2012,11,2,11월 2주,31,31,2012-11-08,2012-11-14,7,8.04,16.7,0,3.2,72.86,0.0
2012,11,3,11월 3주,5,5,2012-11-15,2012-11-21,7,3.21,9.1,0,2.17,73.86,0.0
2013,4,4,4월 4주,10,10,2013-04-22,2013-04-28,7,11.73,21.6,0,2.19,70.71,0.0
2013,4,5,4월 5주,6,6,2013-04-29,2013-04-30,2,13.4,18.1,0,8.75,72.5,0.0
2013,5,1,5월 1주,12,12,2013-05-01,2013-05-07,7,13.63,26.5,0,0.06,70.14,0.0
2013,5,2,5월 2주,14,18,2013-05-08,2013-05-14,7,17.97,26.4,0,3.83,68.57,0.0
2013,5,3,5월 3주,5,8,2013-05-15,2013-05-21,7,17.8,27.6,0,3.47,70.14,0.0
2013,5,4,5월 4주,41,48,2013-05-22,2013-05-28,7,20.37,30.3,0,7.5,77.71,0.0
2013,6,1,6월 1주,48,55,2013-06-01,2013-06-07,7,22.26,31.1,0,0.0,72.86,0.0
2013,6,2,6월 2주,72,90,2013-06-08,2013-06-14,7,24.41,32.1,0,0.14,65.71,0.0
2013,6,3,6월 3주,128,141,2013-06-15,2013-06-21,7,23.79,30.2,0,11.46,81.0,0.0
2013,6,4,6월 4주,234,234,2013-06-22,2013-06-28,7,24.1,29.9,0,1.03,78.14,0.0
2013,7,1,7월 1주,509,551,2013-07-01,2013-07-07,7,25.4,30.6,0,6.7,83.71,0.0
2013,7,2,7월 2주,398,405,2013-07-08,2013-07-14,7,25.24,28.5,0,23.66,90.71,0.0
2013,7,3,7월 3주,777,793,2013-07-15,2013-07-21,7,26.54,30.5,0,11.61,84.57,0.0
2013,7,4,7월 4주,1160,1207,2013-07-22,2013-07-28,7,25.93,29.9,0,22.61,87.0,0.0
2013,7,5,7월 5주,707,740,2013-07-29,2013-07-31,3,26.43,29.8,0,11.5,85.0,0.0
2013,8,1,8월 1주,438,464,2013-08-01,2013-08-07,7,27.64,33.4,1,5.23,86.14,0.143
2013,8,2,8월 2주,270,287,2013-08-08,2013-08-14,7,28.57,33.2,2,6.67,84.86,0.286
2013,8,3,8월 3주,213,221,2013-08-15,2013-08-21,7,28.0,32.3,0,1.2,82.43,0.0
2013,8,4,8월 4주,302,315,2013-08-22,2013-08-28,7,25.87,32.1,0,7.93,81.71,0.0
2013,9,1,9월 1주,334,344,2013-09-01,2013-09-07,7,21.2,28.5,0,0.06,72.29,0.0
2013,9,2,9월 2주,253,265,2013-09-08,2013-09-14,7,22.17,27.1,0,7.59,89.57,0.0
2013,9,3,9월 3주,330,348,2013-09-15,2013-09-21,7,22.36,30.7,0,0.1,76.29,0.0
2013,9,4,9월 4주,475,497,2013-09-22,2013-09-28,7,19.67,28.5,0,2.2,73.86,0.0
2013,10,1,10월 1주,249,259,2013-10-01,2013-10-07,7,18.93,27.4,0,0.43,73.29,0.0
2013,10,2,10월 2주,585,612,2013-10-08,2013-10-14,7,18.27,26.1,0,1.59,78.0,0.0
2013,10,3,10월 3주,518,534,2013-10-15,2013-10-21,7,13.26,22.2,0,0.44,73.29,0.0
2013,10,4,10월 4주,351,355,2013-10-22,2013-10-28,7,11.93,22.3,0,0.0,67.0,0.0
2013,10,5,10월 5주,380,382,2013-10-29,2013-10-31,3,10.8,18.5,0,0.57,79.0,0.0
2013,11,1,11월 1주,418,418,2013-11-01,2013-11-07,7,11.64,21.3,0,1.74,81.71,0.0
2013,11,2,11월 2주,7,7,2013-11-08,2013-11-14,7,6.11,15.7,0,0.53,60.57,0.0
2013,11,3,11월 3주,5,5,2013-11-15,2013-11-21,7,4.14,13.4,0,0.66,66.71,0.0
2014,4,3,4월 3주,28,31,2014-04-15,2014-04-21,7,14.54,22.3,0,0.21,63.57,0.0
2014,4,4,4월 4주,29,29,2014-04-22,2014-04-28,7,16.43,26.2,0,5.13,58.29,0.0
2014,5,1,5월 1주,48,58,2014-05-01,2014-05-07,7,13.67,24.4,0,0.2,59.57,0.0
2014,5,2,5월 2주,31,40,2014-05-08,2014-05-14,7,17.73,26.9,0,5.9,64.71,0.0
2014,5,3,5월 3주,46,55,2014-05-15,2014-05-21,7,18.8,27.5,0,0.26,64.71,0.0
2014,5,4,5월 4주,59,65,2014-05-22,2014-05-28,7,20.94,29.3,0,2.69,69.43,0.0
2014,6,1,6월 1주,40,46,2014-06-01,2014-06-07,7,22.83,30.4,0,2.86,68.57,0.0
2014,6,2,6월 2주,33,36,2014-06-08,2014-06-14,7,21.84,28.9,0,3.19,77.29,0.0
2014,6,3,6월 3주,55,60,2014-06-15,2014-06-21,7,23.56,29.7,0,0.19,73.43,0.0
2014,6,4,6월 4주,103,112,2014-06-22,2014-06-28,7,23.91,29.9,0,1.14,74.57,0.0
2014,7,1,7월 1주,310,316,2014-07-01,2014-07-07,7,25.64,34.3,1,1.47,70.86,0.143
2014,7,2,7월 2주,598,623,2014-07-08,2014-07-14,7,26.89,35.3,2,0.93,71.0,0.286
2014,7,3,7월 3주,394,400,2014-07-15,2014-07-21,7,26.73,33.0,1,0.64,77.86,0.143
2014,7,4,7월 4주,181,185,2014-07-22,2014-07-28,7,25.0,32.0,0,13.31,84.57,0.0
2014,7,5,7월 5주,342,370,2014-07-29,2014-07-31,3,27.0,32.9,0,0.67,80.0,0.0
2014,8,1,8월 1주,193,221,2014-08-01,2014-08-07,7,26.96,35.0,2,8.31,81.57,0.286
2014,8,2,8월 2주,120,145,2014-08-08,2014-08-14,7,24.24,31.2,0,4.89,77.29,0.0
2014,8,3,8월 3주,212,253,2014-08-15,2014-08-21,7,23.69,30.1,0,19.47,87.57,0.0
2014,8,4,8월 4주,249,280,2014-08-22,2014-08-28,7,24.6,30.2,0,2.66,80.71,0.0
2014,9,1,9월 1주,258,277,2014-09-01,2014-09-07,7,22.9,29.6,0,6.76,83.29,0.0
2014,9,3,9월 3주,512,530,2014-09-15,2014-09-21,7,20.37,27.5,0,0.04,69.57,0.0
2014,9,4,9월 4주,212,237,2014-09-22,2014-09-28,7,20.86,28.4,0,2.9,79.0,0.0
2014,9,5,9월 5주,361,367,2014-09-29,2014-09-30,2,19.45,23.5,0,6.5,88.0,0.0
2014,10,1,10월 1주,250,284,2014-10-01,2014-10-07,7,16.86,24.0,0,0.71,73.57,0.0
2014,10,2,10월 2주,323,346,2014-10-08,2014-10-14,7,16.97,27.4,0,0.0,68.43,0.0
2014,10,3,10월 3주,386,405,2014-10-15,2014-10-21,7,13.77,22.6,0,8.86,74.57,0.0
2014,10,4,10월 4주,317,324,2014-10-22,2014-10-28,7,12.54,21.4,0,0.01,74.29,0.0
2014,11,1,11월 1주,387,403,2014-11-01,2014-11-07,7,11.41,21.0,0,0.47,66.0,0.0
2014,11,2,11월 2주,342,345,2014-11-08,2014-11-14,7,6.7,15.9,0,0.51,63.71,0.0
2014,11,3,11월 3주,48,48,2014-11-15,2014-11-21,7,5.39,15.7,0,0.4,65.57,0.0
2015,4,3,4월 3주,17,18,2015-04-15,2015-04-21,7,12.26,22.8,0,4.53,67.57,0.0
2015,4,4,4월 4주,19,29,2015-04-22,2015-04-28,7,16.03,26.8,0,0.06,49.0,0.0
2015,5,1,5월 1주,13,18,2015-05-01,2015-05-07,7,17.19,26.5,0,1.06,60.71,0.0
2015,5,2,5월 2주,20,35,2015-05-08,2015-05-14,7,17.87,26.2,0,4.66,62.57,0.0
2015,5,3,5월 3주,65,88,2015-05-15,2015-05-21,7,17.8,26.0,0,0.84,63.0,0.0
2015,5,4,5월 4주,88,117,2015-05-22,2015-05-28,7,20.64,31.2,0,0.0,51.86,0.0
2015,6,1,6월 1주,80,106,2015-06-01,2015-06-07,7,22.0,30.4,0,0.14,53.57,0.0
2015,6,2,6월 2주,134,144,2015-06-08,2015-06-14,7,23.4,33.4,1,1.84,67.43,0.143
2015,6,3,6월 3주,213,242,2015-06-15,2015-06-21,7,23.74,31.2,0,1.64,71.71,0.0
2015,6,4,6월 4주,244,263,2015-06-22,2015-06-28,7,23.94,30.7,0,2.86,71.29,0.0
2015,6,5,6월 5주,335,386,2015-06-29,2015-06-30,2,24.95,29.8,0,0.05,70.5,0.0
2015,7,1,7월 1주,717,774,2015-07-01,2015-07-07,7,24.07,31.5,0,0.07,64.43,0.0
2015,7,2,7월 2주,807,890,2015-07-08,2015-07-14,7,26.43,37.1,2,8.97,73.43,0.286
2015,7,3,7월 3주,872,920,2015-07-15,2015-07-21,7,25.59,32.9,0,1.66,71.29,0.0
2015,7,4,7월 4주,513,566,2015-07-22,2015-07-28,7,26.43,31.2,0,14.2,87.14,0.0
2015,8,1,8월 1주,763,878,2015-08-01,2015-08-07,7,28.06,34.2,1,3.07,81.71,0.143
2015,8,2,8월 2주,467,515,2015-08-08,2015-08-14,7,26.49,32.1,0,0.81,82.71,0.0
2015,8,3,8월 3주,618,697,2015-08-15,2015-08-21,7,26.09,32.1,0,0.61,78.43,0.0
2015,8,4,8월 4주,505,556,2015-08-22,2015-08-28,7,24.5,31.2,0,1.27,74.29,0.0
2015,9,1,9월 1주,211,288,2015-09-01,2015-09-07,7,23.77,30.7,0,1.56,73.71,0.0
2015,9,2,9월 2주,183,217,2015-09-08,2015-09-14,7,21.39,29.6,0,0.04,63.0,0.0
2015,9,3,9월 3주,203,246,2015-09-15,2015-09-21,7,21.89,29.7,0,0.01,59.86,0.0
2015,9,4,9월 4주,150,176,2015-09-22,2015-09-28,7,21.91,31.7,0,0.0,60.43,0.0
2015,9,5,9월 5주,190,225,2015-09-29,2015-09-30,2,22.25,28.4,0,0.0,42.0,0.0
2015,10,1,10월 1주,455,470,2015-10-01,2015-10-07,7,17.44,25.5,0,4.9,66.57,0.0
2015,10,2,10월 2주,285,288,2015-10-08,2015-10-14,7,14.77,25.1,0,2.0,72.29,0.0
2015,10,3,10월 3주,376,388,2015-10-15,2015-10-21,7,16.71,25.4,0,0.0,80.57,0.0
2015,10,4,10월 4주,283,291,2015-10-22,2015-10-28,7,15.27,23.5,0,2.91,67.57,0.0
2015,11,1,11월 1주,207,208,2015-11-01,2015-11-07,7,10.86,20.2,0,3.8,74.14,0.0
2015,11,2,11월 2주,144,144,2015-11-08,2015-11-14,7,12.31,19.2,0,4.44,81.86,0.0
2015,11,3,11월 3주,138,138,2015-11-15,2015-11-21,7,11.4,18.6,0,1.99,81.57,0.0
2016,4,3,4월 3주,7,7,2016-04-15,2016-04-21,7,13.49,24.0,0,9.66,69.43,0.0
2016,4,4,4월 4주,40,46,2016-04-22,2016-04-28,7,16.01,29.7,0,0.0,57.57,0.0
2016,5,1,5월 1주,35,43,2016-05-01,2016-05-07,7,17.5,29.0,0,10.36,66.0,0.0
2016,5,2,5월 2주,109,127,2016-05-08,2016-05-14,7,17.79,27.1,0,1.43,64.71,0.0
2016,5,3,5월 3주,99,126,2016-05-15,2016-05-21,7,20.03,31.5,0,4.64,61.14,0.0
2016,5,4,5월 4주,105,142,2016-05-22,2016-05-28,7,20.41,31.4,0,4.13,68.14,0.0
2016,5,5,5월 5주,165,218,2016-05-29,2016-05-31,3,20.67,27.6,0,0.1,73.67,0.0
2016,6,1,6월 1주,294,328,2016-06-01,2016-06-07,7,22.76,32.4,0,0.06,59.57,0.0
2016,6,2,6월 2주,428,461,2016-06-08,2016-06-14,7,23.4,31.2,0,0.86,74.86,0.0
2016,6,3,6월 3주,794,858,2016-06-15,2016-06-21,7,22.76,30.5,0,6.13,78.43,0.0
2016,6,4,6월 4주,1016,1069,2016-06-22,2016-06-28,7,23.84,30.0,0,3.93,75.43,0.0
2016,7,1,7월 1주,635,665,2016-07-01,2016-07-07,7,23.6,28.3,0,32.07,86.43,0.0
2016,7,2,7월 2주,1401,1525,2016-07-08,2016-07-14,7,26.31,31.9,0,0.3,79.57,0.0
2016,7,3,7월 3주,1030,1154,2016-07-15,2016-07-21,7,25.04,32.3,0,9.73,78.86,0.0
2016,7,4,7월 4주,1151,1291,2016-07-22,2016-07-28,7,27.87,33.5,1,2.89,82.43,0.143
2016,8,1,8월 1주,777,859,2016-08-01,2016-08-07,7,28.56,34.3,4,0.04,81.43,0.571
2016,8,2,8월 2주,838,944,2016-08-08,2016-08-14,7,28.84,34.3,5,0.47,81.14,0.714
2016,8,3,8월 3주,441,488,2016-08-15,2016-08-21,7,29.14,34.5,5,0.03,75.86,0.714
2016,8,4,8월 4주,545,591,2016-08-22,2016-08-28,7,25.61,33.7,1,4.14,72.29,0.143
2016,8,5,8월 5주,393,440,2016-08-29,2016-08-31,3,20.17,25.9,0,9.77,77.0,0.0
2016,9,1,9월 1주,494,537,2016-09-01,2016-09-07,7,24.21,30.0,0,0.67,81.43,0.0
2016,9,2,9월 2주,520,569,2016-09-08,2016-09-14,7,23.7,28.7,0,1.5,80.43,0.0
2016,9,3,9월 3주,660,698,2016-09-15,2016-09-21,7,21.7,27.9,0,1.31,71.43,0.0
2016,9,4,9월 4주,708,806,2016-09-22,2016-09-28,7,21.21,28.5,0,3.49,76.0,0.0
2016,10,1,10월 1주,648,677,2016-10-01,2016-10-07,7,20.13,29.0,0,4.9,78.86,0.0
2016,10,2,10월 2주,576,610,2016-10-08,2016-10-14,7,14.26,22.9,0,0.94,69.0,0.0
2016,10,3,10월 3주,590,614,2016-10-15,2016-10-21,7,17.09,26.0,0,0.34,78.43,0.0
2016,10,4,10월 4주,593,615,2016-10-22,2016-10-28,7,14.77,21.6,0,5.19,75.86,0.0
2016,11,1,11월 1주,54,54,2016-11-01,2016-11-07,7,10.09,19.3,0,0.49,67.71,0.0
2016,11,2,11월 2주,330,337,2016-11-08,2016-11-14,7,8.7,18.9,0,1.09,71.0,0.0
2016,11,3,11월 3주,193,193,2016-11-15,2016-11-21,7,8.53,15.6,0,0.4,65.57,0.0
2017,4,3,4월 3주,43,43,2017-04-15,2017-04-21,7,14.3,25.0,0,1.59,63.86,0.0
2017,4,4,4월 4주,34,34,2017-04-22,2017-04-28,7,14.91,22.6,0,0.01,49.71,0.0
2017,5,2,5월 2주,31,31,2017-05-08,2017-05-14,7,17.3,25.1,0,2.46,69.57,0.0
2017,5,3,5월 3주,134,155,2017-05-15,2017-05-21,7,18.7,27.9,0,0.01,60.86,0.0
2017,5,4,5월 4주,167,191,2017-05-22,2017-05-28,7,19.81,27.8,0,0.56,59.29,0.0
2017,5,5,5월 5주,59,75,2017-05-29,2017-05-31,3,22.33,28.8,0,0.0,62.67,0.0
2017,6,1,6월 1주,168,185,2017-06-01,2017-06-07,7,21.24,30.1,0,1.61,53.86,0.0
2017,6,2,6월 2주,177,189,2017-06-08,2017-06-14,7,21.44,29.3,0,0.34,61.14,0.0
2017,6,3,6월 3주,254,286,2017-06-15,2017-06-21,7,24.01,32.6,0,0.1,60.29,0.0
2017,6,4,6월 4주,501,522,2017-06-22,2017-06-28,7,24.76,33.3,1,3.51,69.71,0.143
2017,7,1,7월 1주,597,623,2017-07-01,2017-07-07,7,25.94,32.0,0,20.79,84.14,0.0
2017,7,2,7월 2주,287,333,2017-07-08,2017-07-14,7,26.49,31.9,0,17.06,86.71,0.0
2017,7,3,7월 3주,408,442,2017-07-15,2017-07-21,7,26.9,32.6,0,20.99,87.0,0.0
2017,7,4,7월 4주,490,559,2017-07-22,2017-07-28,7,27.34,34.0,1,6.79,84.29,0.143
2017,8,1,8월 1주,368,487,2017-08-01,2017-08-07,7,29.0,34.8,3,2.81,78.71,0.429
2017,8,2,8월 2주,147,274,2017-08-08,2017-08-14,7,26.51,31.3,0,2.96,80.14,0.0
2017,8,3,8월 3주,182,254,2017-08-15,2017-08-21,7,24.51,29.8,0,20.06,88.71,0.0
2017,8,4,8월 4주,202,311,2017-08-22,2017-08-28,7,24.41,30.3,0,7.21,83.57,0.0
2017,8,5,8월 5주,208,243,2017-08-29,2017-08-31,3,20.0,26.7,0,0.0,68.0,0.0
2017,9,1,9월 1주,538,639,2017-09-01,2017-09-07,7,21.63,28.9,0,0.91,78.57,0.0
2017,9,2,9월 2주,436,495,2017-09-08,2017-09-14,7,21.49,28.2,0,3.71,78.86,0.0
2017,9,3,9월 3주,840,937,2017-09-15,2017-09-21,7,20.69,27.7,0,1.0,71.0,0.0
2017,9,4,9월 4주,533,582,2017-09-22,2017-09-28,7,20.97,29.0,0,1.29,78.29,0.0
2017,10,2,10월 2주,442,497,2017-10-08,2017-10-14,7,16.6,26.2,0,2.26,77.29,0.0
2017,10,3,10월 3주,542,565,2017-10-15,2017-10-21,7,15.09,23.9,0,0.19,69.14,0.0
2017,10,4,10월 4주,284,310,2017-10-22,2017-10-28,7,13.76,22.8,0,0.0,69.71,0.0
2017,10,5,10월 5주,140,142,2017-10-29,2017-10-31,3,9.13,16.4,0,0.0,54.0,0.0
2017,11,1,11월 1주,133,139,2017-11-01,2017-11-07,7,11.73,19.2,0,0.49,71.29,0.0
2017,11,2,11월 2주,140,146,2017-11-08,2017-11-14,7,8.44,17.6,0,0.89,62.29,0.0
2018,4,3,4월 3주,14,14,2018-04-15,2018-04-21,7,12.96,25.2,0,0.0,59.57,0.0
2018,4,4,4월 4주,6,6,2018-04-22,2018-04-28,7,13.46,22.8,0,5.66,69.71,0.0
2018,5,1,5월 1주,27,31,2018-05-01,2018-05-07,7,16.6,24.7,0,2.73,71.14,0.0
2018,5,2,5월 2주,28,34,2018-05-08,2018-05-14,7,15.91,24.2,0,2.83,75.43,0.0
2018,5,3,5월 3주,50,97,2018-05-15,2018-05-21,7,19.57,29.5,0,21.63,73.57,0.0
2018,5,4,5월 4주,35,63,2018-05-22,2018-05-28,7,18.73,28.0,0,1.89,69.14,0.0
2018,5,5,5월 5주,35,81,2018-05-29,2018-05-31,3,20.13,26.5,0,1.2,78.67,0.0
2018,6,1,6월 1주,29,65,2018-06-01,2018-06-07,7,22.16,29.7,0,0.0,70.71,0.0
2018,6,2,6월 2주,71,101,2018-06-08,2018-06-14,7,21.51,28.4,0,2.31,74.57,0.0
2018,6,3,6월 3주,95,152,2018-06-15,2018-06-21,7,22.06,28.7,0,0.09,73.86,0.0
2018,6,4,6월 4주,160,198,2018-06-22,2018-06-28,7,23.61,31.2,0,12.96,77.0,0.0
2018,7,1,7월 1주,123,158,2018-07-01,2018-07-07,7,24.51,31.7,0,14.46,80.0,0.0
2018,7,2,7월 2주,154,235,2018-07-08,2018-07-14,7,25.13,31.1,0,4.87,82.71,0.0
2018,7,3,7월 3주,191,310,2018-07-15,2018-07-21,7,27.54,34.6,1,0.0,79.43,0.143
2018,7,4,7월 4주,321,434,2018-07-22,2018-07-28,7,29.81,35.6,6,0.94,78.14,0.857
2018,8,1,8월 1주,336,426,2018-08-01,2018-08-07,7,30.84,37.6,7,0.27,73.0,1.0
2018,8,2,8월 2주,226,292,2018-08-08,2018-08-14,7,30.14,35.8,6,0.41,72.86,0.857
2018,8,3,8월 3주,309,373,2018-08-15,2018-08-21,7,27.93,38.7,3,1.87,62.29,0.429
2018,8,4,8월 4주,205,275,2018-08-22,2018-08-28,7,25.5,36.4,1,13.77,81.86,0.143
2018,8,5,8월 5주,149,198,2018-08-29,2018-08-31,3,24.97,28.8,0,12.77,88.33,0.0
2018,9,1,9월 1주,156,188,2018-09-01,2018-09-07,7,23.66,29.7,0,5.26,76.14,0.0
2018,9,2,9월 2주,268,321,2018-09-08,2018-09-14,7,21.66,27.5,0,0.0,69.57,0.0
2018,9,3,9월 3주,210,252,2018-09-15,2018-09-21,7,21.04,27.0,0,4.5,84.14,0.0
2018,10,1,10월 1주,340,368,2018-10-01,2018-10-07,7,16.63,25.9,0,14.04,75.14,0.0
2018,10,2,10월 2주,243,246,2018-10-08,2018-10-14,7,12.06,20.5,0,0.34,69.14,0.0
2018,10,3,10월 3주,310,316,2018-10-15,2018-10-21,7,12.09,21.0,0,0.61,77.0,0.0
2018,10,4,10월 4주,350,356,2018-10-22,2018-10-28,7,11.13,20.7,0,3.39,76.43,0.0
2018,10,5,10월 5주,79,81,2018-10-29,2018-10-31,3,7.17,12.7,0,0.23,66.33,0.0
2018,11,1,11월 1주,222,225,2018-11-01,2018-11-07,7,9.81,18.6,0,0.53,80.0,0.0
2018,11,2,11월 2주,168,169,2018-11-08,2018-11-14,7,9.56,17.1,0,6.67,78.14,0.0
2019,4,3,4월 3주,29,29,2019-04-15,2019-04-21,7,13.44,21.7,0,0.0,63.57,0.0
2019,4,4,4월 4주,83,84,2019-04-22,2019-04-28,7,14.7,27.7,0,2.81,74.43,0.0
2019,4,5,4월 5주,53,55,2019-04-29,2019-04-30,2,13.55,21.4,0,0.0,72.5,0.0
2019,5,1,5월 1주,28,30,2019-05-01,2019-05-07,7,16.13,26.1,0,0.0,52.0,0.0
2019,5,2,5월 2주,55,61,2019-05-08,2019-05-14,7,17.64,27.6,0,0.21,59.0,0.0
2019,5,3,5월 3주,27,35,2019-05-15,2019-05-21,7,20.1,28.9,0,2.76,69.0,0.0
2019,5,4,5월 4주,28,34,2019-05-22,2019-05-28,7,20.87,32.1,0,1.34,62.57,0.0
2019,6,1,6월 1주,49,67,2019-06-01,2019-06-07,7,20.56,27.9,0,4.43,72.0,0.0
2019,6,2,6월 2주,139,164,2019-06-08,2019-06-14,7,20.91,27.7,0,2.57,74.14,0.0
2019,6,3,6월 3주,165,222,2019-06-15,2019-06-21,7,21.46,27.4,0,0.43,78.57,0.0
2019,6,4,6월 4주,91,142,2019-06-22,2019-06-28,7,24.24,31.4,0,0.7,67.29,0.0
2019,7,1,7월 1주,236,259,2019-07-01,2019-07-07,7,25.51,35.9,2,0.04,66.43,0.286
2019,7,2,7월 2주,305,375,2019-07-08,2019-07-14,7,24.17,31.3,0,2.21,71.29,0.0
2019,7,3,7월 3주,320,387,2019-07-15,2019-07-21,7,26.14,34.5,1,5.09,81.57,0.143
2019,7,4,7월 4주,375,433,2019-07-22,2019-07-28,7,26.79,32.0,0,19.67,90.29,0.0
2019,7,5,7월 5주,305,371,2019-07-29,2019-07-31,3,27.8,31.2,0,13.37,85.33,0.0
2019,8,1,8월 1주,173,254,2019-08-01,2019-08-07,7,29.01,35.6,5,6.79,81.14,0.714
2019,8,2,8월 2주,151,218,2019-08-08,2019-08-14,7,29.07,35.5,3,2.93,78.43,0.429
2019,8,3,8월 3주,112,179,2019-08-15,2019-08-21,7,25.73,32.0,0,3.16,80.43,0.0
2019,8,4,8월 4주,138,202,2019-08-22,2019-08-28,7,24.69,30.7,0,0.29,81.29,0.0
2019,9,1,9월 1주,142,202,2019-09-01,2019-09-07,7,23.99,29.4,0,12.9,85.29,0.0
2019,9,2,9월 2주,109,179,2019-09-08,2019-09-14,7,23.64,28.2,0,8.8,84.0,0.0
2019,9,3,9월 3주,142,189,2019-09-15,2019-09-21,7,21.24,29.6,0,0.26,71.14,0.0
2019,9,4,9월 4주,234,315,2019-09-22,2019-09-28,7,19.77,28.2,0,3.03,78.14,0.0
2019,10,1,10월 1주,240,283,2019-10-01,2019-10-07,7,20.01,28.3,0,13.67,82.29,0.0
2019,10,2,10월 2주,192,215,2019-10-08,2019-10-14,7,15.41,26.1,0,0.0,71.43,0.0
2019,10,3,10월 3주,333,345,2019-10-15,2019-10-21,7,14.64,23.7,0,0.0,79.0,0.0
2019,10,4,10월 4주,369,416,2019-10-22,2019-10-28,7,14.33,24.0,0,0.23,71.71,0.0
2019,10,5,10월 5주,327,344,2019-10-29,2019-10-31,3,12.53,20.3,0,0.17,75.0,0.0
2019,11,1,11월 1주,380,392,2019-11-01,2019-11-07,7,11.76,21.2,0,0.0,73.86,0.0
2019,11,2,11월 2주,117,127,2019-11-08,2019-11-14,7,7.34,16.2,0,1.6,68.71,0.0
2020,5,2,5월 2주,32,32,2020-05-08,2020-05-14,7,16.83,26.0,0,4.2,65.43,0.0
2020,5,3,5월 3주,36,42,2020-05-15,2020-05-21,7,16.71,27.9,0,7.49,79.43,0.0
2020,5,4,5월 4주,59,77,2020-05-22,2020-05-28,7,17.73,24.6,0,1.69,79.86,0.0
2020,6,1,6월 1주,97,123,2020-06-01,2020-06-07,7,21.69,31.1,0,0.3,74.71,0.0
2020,6,2,6월 2주,42,80,2020-06-08,2020-06-14,7,25.04,33.1,1,3.4,70.57,0.143
2020,6,3,6월 3주,67,88,2020-06-15,2020-06-21,7,23.63,32.0,0,0.21,71.86,0.0
2020,6,4,6월 4주,147,195,2020-06-22,2020-06-28,7,23.76,34.9,1,7.77,78.14,0.143
2020,6,5,6월 5주,177,248,2020-06-29,2020-06-30,2,21.9,26.9,0,20.15,83.5,0.0
2020,7,1,7월 1주,268,336,2020-07-01,2020-07-07,7,23.27,29.8,0,1.09,81.57,0.0
2020,7,2,7월 2주,236,292,2020-07-08,2020-07-14,7,23.84,32.5,0,11.46,77.71,0.0
2020,7,3,7월 3주,222,289,2020-07-15,2020-07-21,7,24.31,29.9,0,4.76,81.14,0.0
2020,7,4,7월 4주,293,368,2020-07-22,2020-07-28,7,23.7,28.8,0,15.61,86.29,0.0
2020,8,1,8월 1주,168,211,2020-08-01,2020-08-07,7,25.27,29.8,0,38.51,93.0,0.0
2020,8,2,8월 2주,295,395,2020-08-08,2020-08-14,7,26.23,30.9,0,24.77,90.43,0.0
2020,8,3,8월 3주,130,234,2020-08-15,2020-08-21,7,27.03,31.4,0,4.14,86.57,0.0
2020,8,4,8월 4주,126,200,2020-08-22,2020-08-28,7,27.5,34.1,2,8.37,82.29,0.286
2020,8,5,8월 5주,99,176,2020-08-29,2020-08-31,3,27.0,31.2,0,5.43,87.0,0.0
2020,9,1,9월 1주,259,311,2020-09-01,2020-09-07,7,23.0,30.4,0,22.74,83.29,0.0
2020,9,2,9월 2주,157,202,2020-09-08,2020-09-14,7,21.74,27.2,0,2.0,82.29,0.0
2020,9,3,9월 3주,240,293,2020-09-15,2020-09-21,7,20.36,27.6,0,0.64,77.43,0.0
2020,9,4,9월 4주,281,342,2020-09-22,2020-09-28,7,19.54,26.0,0,0.0,69.14,0.0
2020,10,1,10월 1주,327,344,2020-10-01,2020-10-07,7,16.99,24.1,0,0.2,70.29,0.0
2020,10,2,10월 2주,313,327,2020-10-08,2020-10-14,7,15.71,24.3,0,0.0,62.29,0.0
2020,10,3,10월 3주,393,402,2020-10-15,2020-10-21,7,12.51,22.0,0,0.0,72.29,0.0
2020,10,4,10월 4주,255,258,2020-10-22,2020-10-28,7,11.67,20.0,0,0.2,64.86,0.0
2020,11,1,11월 1주,105,108,2020-11-01,2020-11-07,7,10.09,18.6,0,0.83,64.0,0.0
2020,11,2,11월 2주,37,37,2020-11-08,2020-11-14,7,8.61,19.4,0,0.0,60.14,0.0
2021,5,1,5월 1주,24,32,2021-05-01,2021-05-07,7,13.59,22.2,0,4.84,70.86,0.0
2021,5,2,5월 2주,39,59,2021-05-08,2021-05-14,7,17.99,30.4,0,0.43,63.0,0.0
2021,5,3,5월 3주,56,86,2021-05-15,2021-05-21,7,18.17,25.5,0,13.5,83.86,0.0
2021,5,4,5월 4주,97,129,2021-05-22,2021-05-28,7,16.94,24.2,0,4.74,78.0,0.0
2021,5,5,5월 5주,80,155,2021-05-29,2021-05-31,3,18.0,26.3,0,13.57,79.0,0.0
2021,6,1,6월 1주,126,213,2021-06-01,2021-06-07,7,20.67,28.8,0,2.47,77.29,0.0
2021,6,2,6월 2주,108,165,2021-06-08,2021-06-14,7,23.4,30.9,0,4.69,80.29,0.0
2021,6,3,6월 3주,178,241,2021-06-15,2021-06-21,7,22.33,28.4,0,1.51,79.43,0.0
2021,6,4,6월 4주,291,397,2021-06-22,2021-06-28,7,23.27,29.5,0,3.2,78.14,0.0
2021,7,1,7월 1주,223,384,2021-07-01,2021-07-07,7,24.6,30.9,0,9.13,82.29,0.0
2021,7,2,7월 2주,199,306,2021-07-08,2021-07-14,7,26.73,32.7,0,6.9,84.29,0.0
2021,7,3,7월 3주,209,341,2021-07-15,2021-07-21,7,28.53,35.4,4,1.61,76.57,0.571
2021,7,4,7월 4주,217,300,2021-07-22,2021-07-28,7,30.66,36.2,7,0.13,65.43,1.0
2021,8,1,8월 1주,176,257,2021-08-01,2021-08-07,7,27.61,33.0,1,4.7,82.29,0.143
2021,8,2,8월 2주,238,304,2021-08-08,2021-08-14,7,27.17,33.2,1,0.64,71.43,0.143
2021,8,3,8월 3주,121,151,2021-08-15,2021-08-21,7,26.17,32.4,0,12.31,65.86,0.0
2021,8,4,8월 4주,203,235,2021-08-22,2021-08-28,7,23.83,28.6,0,15.83,89.29,0.0
2021,8,5,8월 5주,210,270,2021-08-29,2021-08-31,3,22.63,26.6,0,12.6,90.0,0.0
2021,9,1,9월 1주,225,251,2021-09-01,2021-09-07,7,22.4,28.3,0,9.31,76.71,0.0
2021,9,2,9월 2주,259,344,2021-09-08,2021-09-14,7,23.01,29.7,0,0.03,79.86,0.0
2021,9,3,9월 3주,0,2,2021-09-15,2021-09-21,7,22.91,28.7,0,4.94,72.57,0.0
2021,9,4,9월 4주,228,272,2021-09-22,2021-09-28,7,21.24,26.8,0,2.16,76.86,0.0
2021,10,1,10월 1주,343,370,2021-10-01,2021-10-07,7,21.34,28.3,0,2.41,84.14,0.0
2021,10,2,10월 2주,231,256,2021-10-08,2021-10-14,7,19.3,26.1,0,2.7,80.71,0.0
2021,10,3,10월 3주,354,390,2021-10-15,2021-10-21,7,10.66,22.1,0,1.67,69.71,0.0
2021,10,4,10월 4주,355,379,2021-10-22,2021-10-28,7,10.96,19.6,0,0.0,72.71,0.0
2021,11,1,11월 1주,277,291,2021-11-01,2021-11-07,7,11.93,21.1,0,0.1,77.57,0.0
2021,11,2,11월 2주,164,166,2021-11-08,2021-11-14,7,7.09,17.1,0,3.2,73.0,0.0
2021,11,3,11월 3주,268,273,2021-11-15,2021-11-21,7,9.3,18.2,0,0.07,80.43,0.0
2022,5,1,5월 1주,30,38,2022-05-01,2022-05-07,7,15.94,25.6,0,0.14,58.14,0.0
2022,5,2,5월 2주,64,87,2022-05-08,2022-05-14,7,18.23,27.5,0,0.23,50.71,0.0
2022,5,3,5월 3주,94,117,2022-05-15,2022-05-21,7,18.67,26.7,0,0.01,59.0,0.0
2022,5,4,5월 4주,120,166,2022-05-22,2022-05-28,7,20.0,28.7,0,0.81,69.29,0.0
2022,5,5,5월 5주,114,145,2022-05-29,2022-05-31,3,20.43,27.0,0,0.13,67.33,0.0
2022,6,1,6월 1주,176,229,2022-06-01,2022-06-07,7,21.57,30.2,0,0.86,63.71,0.0
2022,6,2,6월 2주,188,216,2022-06-08,2022-06-14,7,22.59,31.1,0,1.01,65.0,0.0
2022,6,3,6월 3주,334,388,2022-06-15,2022-06-21,7,22.76,31.9,0,2.91,80.57,0.0
2022,6,4,6월 4주,225,271,2022-06-22,2022-06-28,7,25.5,30.6,0,13.56,82.71,0.0
2022,7,1,7월 1주,259,362,2022-07-01,2022-07-07,7,28.04,33.2,2,4.19,82.43,0.286
2022,7,2,7월 2주,245,317,2022-07-08,2022-07-14,7,26.29,33.4,1,10.24,84.71,0.143
2022,7,3,7월 3주,225,318,2022-07-15,2022-07-21,7,25.56,30.0,0,7.59,84.57,0.0
2022,7,4,7월 4주,322,403,2022-07-22,2022-07-28,7,26.61,33.6,1,5.5,81.43,0.143
2022,8,1,8월 1주,261,328,2022-08-01,2022-08-07,7,28.27,32.7,0,6.01,87.71,0.0
2022,8,2,8월 2주,134,148,2022-08-08,2022-08-14,7,25.69,30.6,0,37.46,90.0,0.0
2022,8,3,8월 3주,244,382,2022-08-15,2022-08-21,7,26.54,31.5,0,4.0,85.71,0.0
2022,8,4,8월 4주,254,333,2022-08-22,2022-08-28,7,23.49,29.7,0,1.94,78.14,0.0
2022,8,5,8월 5주,338,400,2022-08-29,2022-08-31,3,20.53,25.1,0,13.2,86.0,0.0
2022,9,1,9월 1주,370,392,2022-09-01,2022-09-07,7,22.56,29.5,0,26.29,79.57,0.0
2022,9,2,9월 2주,323,380,2022-09-08,2022-09-14,7,23.13,29.4,0,0.27,75.43,0.0
2022,9,3,9월 3주,426,470,2022-09-15,2022-09-21,7,23.8,32.2,0,1.96,73.86,0.0
2022,9,4,9월 4주,468,537,2022-09-22,2022-09-28,7,18.33,27.5,0,0.47,74.29,0.0
2022,10,1,10월 1주,554,580,2022-10-01,2022-10-07,7,18.07,26.0,0,14.31,84.0,0.0
2022,10,2,10월 2주,349,357,2022-10-08,2022-10-14,7,13.14,22.0,0,3.09,78.43,0.0
2022,10,3,10월 3주,319,324,2022-10-15,2022-10-21,7,12.44,23.3,0,0.0,70.71,0.0
2022,10,4,10월 4주,389,392,2022-10-22,2022-10-28,7,11.71,20.1,0,0.04,72.0,0.0
2022,11,1,11월 1주,600,610,2022-11-01,2022-11-07,7,8.66,18.4,0,0.23,65.57,0.0
2022,11,2,11월 2주,532,537,2022-11-08,2022-11-14,7,11.87,21.9,0,2.0,79.0,0.0
2022,11,3,11월 3주,230,232,2022-11-15,2022-11-21,7,9.6,19.0,0,0.09,76.86,0.0
2023,4,1,4월 1주,34,34,2023-04-01,2023-04-07,7,14.3,26.4,0,7.33,56.86,0.0
2023,4,2,4월 2주,41,43,2023-04-08,2023-04-14,7,11.56,20.1,0,1.29,58.43,0.0
2023,4,3,4월 3주,68,71,2023-04-15,2023-04-21,7,14.34,26.9,0,2.33,74.14,0.0
2023,4,4,4월 4주,62,76,2023-04-22,2023-04-28,7,13.54,21.7,0,0.3,57.86,0.0
2023,5,1,5월 1주,71,92,2023-05-01,2023-05-07,7,16.51,27.9,0,11.09,68.14,0.0
2023,5,2,5월 2주,94,137,2023-05-08,2023-05-14,7,16.34,26.1,0,0.0,65.86,0.0
2023,5,3,5월 3주,112,147,2023-05-15,2023-05-21,7,20.84,30.2,0,0.2,67.0,0.0
2023,5,4,5월 4주,123,160,2023-05-22,2023-05-28,7,19.87,26.9,0,6.7,69.29,0.0
2023,5,5,5월 5주,163,214,2023-05-29,2023-05-31,3,22.67,27.8,0,3.73,78.0,0.0
2023,6,1,6월 1주,164,217,2023-06-01,2023-06-07,7,21.17,27.5,0,0.2,74.43,0.0
2023,6,2,6월 2주,235,298,2023-06-08,2023-06-14,7,21.96,28.0,0,4.04,77.57,0.0
2023,6,3,6월 3주,229,291,2023-06-15,2023-06-21,7,23.97,35.2,1,4.61,71.57,0.143
2023,6,4,6월 4주,255,319,2023-06-22,2023-06-28,7,24.81,32.9,0,8.03,79.57,0.0
2023,7,1,7월 1주,282,432,2023-07-01,2023-07-07,7,26.46,34.1,1,5.81,81.29,0.143
2023,7,2,7월 2주,390,553,2023-07-08,2023-07-14,7,25.36,30.8,0,14.31,88.86,0.0
2023,7,3,7월 3주,304,423,2023-07-15,2023-07-21,7,25.96,33.8,1,3.57,86.71,0.143
2023,7,4,7월 4주,293,408,2023-07-22,2023-07-28,7,27.07,33.8,1,13.81,85.43,0.143
2023,7,5,7월 5주,289,483,2023-07-29,2023-07-31,3,28.8,34.7,1,1.17,80.67,0.333
2023,8,1,8월 1주,478,599,2023-08-01,2023-08-07,7,29.33,35.3,5,0.06,78.86,0.714
2023,8,2,8월 2주,460,591,2023-08-08,2023-08-14,7,26.27,34.9,1,19.81,82.71,0.143
2023,8,3,8월 3주,307,395,2023-08-15,2023-08-21,7,27.89,33.3,2,0.61,81.43,0.286
2023,8,4,8월 4주,241,287,2023-08-22,2023-08-28,7,25.6,31.6,0,14.69,87.0,0.0
2023,9,1,9월 1주,360,423,2023-09-01,2023-09-07,7,25.7,32.5,0,0.76,78.43,0.0
2023,9,2,9월 2주,493,594,2023-09-08,2023-09-14,7,24.16,30.7,0,4.53,80.71,0.0
2023,9,3,9월 3주,490,553,2023-09-15,2023-09-21,7,23.0,28.8,0,10.14,87.86,0.0
2023,9,4,9월 4주,549,607,2023-09-22,2023-09-28,7,21.36,27.3,0,3.7,80.14,0.0
2023,10,2,10월 2주,880,933,2023-10-08,2023-10-14,7,16.27,24.0,0,1.46,79.57,0.0
2023,10,3,10월 3주,578,603,2023-10-15,2023-10-21,7,13.6,21.2,0,1.07,73.29,0.0
2023,10,4,10월 4주,615,670,2023-10-22,2023-10-28,7,14.06,22.4,0,1.47,82.43,0.0
2023,10,5,10월 5주,893,920,2023-10-29,2023-10-31,3,13.3,21.1,0,0.0,81.33,0.0
